| Deposit |,123456789,| 02:28:46:PM |,| 07 - 08 - 2025 |
| Withdraw |,23456543,| 11:36:06:PM |,| 07 - 08 - 2025 |
| Checked Balance |,100000246,| 11:48:38:PM |,| 24 - 11 - 2025 |
| Deposit |,2345687654567687564534343546,| 11:48:43:PM |,| 24 - 11 - 2025 |
| Checked Balance |,2345687654567687564634343792,| 11:48:51:PM |,| 24 - 11 - 2025 |
| Withdraw |,3435467568798675645342,| 11:48:54:PM |,| 24 - 11 - 2025 |
| Checked Balance |,2345684219100118765958698450,| 11:49:01:PM |,| 24 - 11 - 2025 |
| Withdraw |,999999999999999999999999999,| 11:49:08:PM |,| 24 - 11 - 2025 |
| Checked Balance |,1345684219100118765958698451,| 11:49:14:PM |,| 24 - 11 - 2025 |
| Withdraw |,42354675686756453423,| 11:49:48:PM |,| 24 - 11 - 2025 |
| Withdraw |,34253467568,| 11:49:55:PM |,| 24 - 11 - 2025 |
| Withdraw |,3435465768767564534231,| 11:50:02:PM |,| 24 - 11 - 2025 |
| Withdraw |,1345680741279674277384243229,| 11:50:10:PM |,| 24 - 11 - 2025 |
| Checked Balance |,0,| 11:50:28:PM |,| 24 - 11 - 2025 |
| Deposit |,3456576876756453423124354657687675645342312435465768786754532343546576875543546756,| 11:50:31:PM |,| 24 - 11 - 2025 |
